<?xml version="1.0" encoding="UTF-8"?><?xml-stylesheet type='text/xsl' href='_UpgradeReport_Files/UpgradeReport.xslt'?><UpgradeLog>
<Properties><Property Name="Solution" Value="world_gravity">
</Property><Property Name="Solution File" Value="C:\Users\Public\Documents\Unity Projects\world_gravity\world_gravity.sln">
</Property><Property Name="User Options File" Value="C:\Users\Public\Documents\Unity Projects\world_gravity\world_gravity.suo">
</Property><Property Name="Date" Value="Saturday, July 03, 2010">
</Property><Property Name="Time" Value="20:34 PM">
</Property></Properties><Event ErrorLevel="0" Project="" Source="world_gravity.sln" Description="File successfully backed up as C:\Users\Public\Documents\Unity Projects\world_gravity\Backup\world_gravity.sln">
</Event><Event ErrorLevel="0" Project="" Source="world_gravity.suo" Description="File successfully backed up as C:\Users\Public\Documents\Unity Projects\world_gravity\Backup\world_gravity.suo">
</Event><Event ErrorLevel="0" Project="world_gravity" Source="world_gravity.csproj" Description="Project file successfully backed up as C:\Users\Public\Documents\Unity Projects\world_gravity\Backup\world_gravity.csproj">
</Event><Event ErrorLevel="0" Project="world_gravity" Source="Assets\scripts\Camera\PlanetCamera.cs" Description="File successfully backed up as C:\Users\Public\Documents\Unity Projects\world_gravity\Backup\Assets\scripts\Camera\PlanetCamera.cs">
</Event><Event ErrorLevel="0" Project="world_gravity" Source="Assets\scripts\Locomotion System\AlignmentTracker.cs" Description="File successfully backed up as C:\Users\Public\Documents\Unity Projects\world_gravity\Backup\Assets\scripts\Locomotion System\AlignmentTracker.cs">
</Event><Event ErrorLevel="0" Project="world_gravity" Source="Assets\scripts\Locomotion System\GhostOriginal.cs" Description="File successfully backed up as C:\Users\Public\Documents\Unity Projects\world_gravity\Backup\Assets\scripts\Locomotion System\GhostOriginal.cs">
</Event><Event ErrorLevel="0" Project="world_gravity" Source="Assets\scripts\Locomotion System\HeadLookController.cs" Description="File successfully backed up as C:\Users\Public\Documents\Unity Projects\world_gravity\Backup\Assets\scripts\Locomotion System\HeadLookController.cs">
</Event><Event ErrorLevel="0" Project="world_gravity" Source="Assets\scripts\Locomotion System\IK1JointAnalytic.cs" Description="File successfully backed up as C:\Users\Public\Documents\Unity Projects\world_gravity\Backup\Assets\scripts\Locomotion System\IK1JointAnalytic.cs">
</Event><Event ErrorLevel="0" Project="world_gravity" Source="Assets\scripts\Locomotion System\IKSimple.cs" Description="File successfully backed up as C:\Users\Public\Documents\Unity Projects\world_gravity\Backup\Assets\scripts\Locomotion System\IKSimple.cs">
</Event><Event ErrorLevel="0" Project="world_gravity" Source="Assets\scripts\Locomotion System\IKSolver.cs" Description="File successfully backed up as C:\Users\Public\Documents\Unity Projects\world_gravity\Backup\Assets\scripts\Locomotion System\IKSolver.cs">
</Event><Event ErrorLevel="0" Project="world_gravity" Source="Assets\scripts\Locomotion System\IMotionAnalyzer.cs" Description="File successfully backed up as C:\Users\Public\Documents\Unity Projects\world_gravity\Backup\Assets\scripts\Locomotion System\IMotionAnalyzer.cs">
</Event><Event ErrorLevel="0" Project="world_gravity" Source="Assets\scripts\Locomotion System\Interpolator.cs" Description="File successfully backed up as C:\Users\Public\Documents\Unity Projects\world_gravity\Backup\Assets\scripts\Locomotion System\Interpolator.cs">
</Event><Event ErrorLevel="0" Project="world_gravity" Source="Assets\scripts\Locomotion System\LegAnimator.cs" Description="File successfully backed up as C:\Users\Public\Documents\Unity Projects\world_gravity\Backup\Assets\scripts\Locomotion System\LegAnimator.cs">
</Event><Event ErrorLevel="0" Project="world_gravity" Source="Assets\scripts\Locomotion System\LegController.cs" Description="File successfully backed up as C:\Users\Public\Documents\Unity Projects\world_gravity\Backup\Assets\scripts\Locomotion System\LegController.cs">
</Event><Event ErrorLevel="0" Project="world_gravity" Source="Assets\scripts\Locomotion System\MotionAnalyzer.cs" Description="File successfully backed up as C:\Users\Public\Documents\Unity Projects\world_gravity\Backup\Assets\scripts\Locomotion System\MotionAnalyzer.cs">
</Event><Event ErrorLevel="0" Project="world_gravity" Source="Assets\scripts\Locomotion System\MotionAnalyzerBackwards.cs" Description="File successfully backed up as C:\Users\Public\Documents\Unity Projects\world_gravity\Backup\Assets\scripts\Locomotion System\MotionAnalyzerBackwards.cs">
</Event><Event ErrorLevel="0" Project="world_gravity" Source="Assets\scripts\Locomotion System\PolarGradientBandInterpolator.cs" Description="File successfully backed up as C:\Users\Public\Documents\Unity Projects\world_gravity\Backup\Assets\scripts\Locomotion System\PolarGradientBandInterpolator.cs">
</Event><Event ErrorLevel="0" Project="world_gravity" Source="Assets\scripts\Locomotion System\TrajectoryVisualizer.cs" Description="File successfully backed up as C:\Users\Public\Documents\Unity Projects\world_gravity\Backup\Assets\scripts\Locomotion System\TrajectoryVisualizer.cs">
</Event><Event ErrorLevel="0" Project="world_gravity" Source="Assets\scripts\Locomotion System\Util.cs" Description="File successfully backed up as C:\Users\Public\Documents\Unity Projects\world_gravity\Backup\Assets\scripts\Locomotion System\Util.cs">
</Event><Event ErrorLevel="0" Project="world_gravity" Source="Assets\scripts\Locomotion System\Editor\LocomotionEditorClass.cs" Description="File successfully backed up as C:\Users\Public\Documents\Unity Projects\world_gravity\Backup\Assets\scripts\Locomotion System\Editor\LocomotionEditorClass.cs">
</Event><Event ErrorLevel="0" Project="world_gravity" Source="Assets\scripts\Missile.cs" Description="File successfully backed up as C:\Users\Public\Documents\Unity Projects\world_gravity\Backup\Assets\scripts\Missile.cs">
</Event><Event ErrorLevel="0" Project="world_gravity" Source="Assets\scripts\Player\CharacterMotor.cs" Description="File successfully backed up as C:\Users\Public\Documents\Unity Projects\world_gravity\Backup\Assets\scripts\Player\CharacterMotor.cs">
</Event><Event ErrorLevel="0" Project="world_gravity" Source="Assets\scripts\Player\PhysicsCharacterMotor.cs" Description="File successfully backed up as C:\Users\Public\Documents\Unity Projects\world_gravity\Backup\Assets\scripts\Player\PhysicsCharacterMotor.cs">
</Event><Event ErrorLevel="0" Project="world_gravity" Source="Assets\scripts\Player\PlatformCharacterController.cs" Description="File successfully backed up as C:\Users\Public\Documents\Unity Projects\world_gravity\Backup\Assets\scripts\Player\PlatformCharacterController.cs">
</Event><Event ErrorLevel="0" Project="world_gravity" Source="Assets\scripts\Player\ThirdPersonPlayerAnimation.cs" Description="File successfully backed up as C:\Users\Public\Documents\Unity Projects\world_gravity\Backup\Assets\scripts\Player\ThirdPersonPlayerAnimation.cs">
</Event><Event ErrorLevel="0" Project="world_gravity" Source="Assets\scripts\DaylightTime.cs" Description="File successfully backed up as C:\Users\Public\Documents\Unity Projects\world_gravity\Backup\Assets\scripts\DaylightTime.cs">
</Event><Event ErrorLevel="0" Project="world_gravity" Source="Assets\scripts\Weapons.cs" Description="File successfully backed up as C:\Users\Public\Documents\Unity Projects\world_gravity\Backup\Assets\scripts\Weapons.cs">
</Event><Event ErrorLevel="0" Project="world_gravity" Source="Assets\Blob-Shadow\ShadowProjection.shader" Description="File successfully backed up as C:\Users\Public\Documents\Unity Projects\world_gravity\Backup\Assets\Blob-Shadow\ShadowProjection.shader">
</Event><Event ErrorLevel="0" Project="world_gravity" Source="world_gravity.csproj" Description="The project file does not require conversion.">
</Event><Event ErrorLevel="3" Project="world_gravity" Source="world_gravity.csproj" Description="No Conversion Required">
</Event><Event ErrorLevel="0" Project="" Source="world_gravity.sln" Description="Solution converted successfully">
</Event><Event ErrorLevel="3" Project="" Source="world_gravity.sln" Description="Converted">
</Event></UpgradeLog>