<?xml version="1.0" encoding="UTF-8"?><?xml-stylesheet type='text/xsl' href='_UpgradeReport_Files/UpgradeReport.xslt'?><UpgradeLog>
<Properties><Property Name="Solution" Value="world_gravity">
</Property><Property Name="Solution File" Value="C:\Users\Public\Documents\Unity Projects\world_gravity\world_gravity.sln">
</Property><Property Name="User Options File" Value="C:\Users\Public\Documents\Unity Projects\world_gravity\world_gravity.suo">
</Property><Property Name="Date" Value="Sunday, June 20, 2010">
</Property><Property Name="Time" Value="20:44 PM">
</Property><Property Name="Log Number" Value="4">
</Property></Properties><Event ErrorLevel="0" Project="" Source="world_gravity.sln" Description="File successfully backed up as C:\Users\Public\Documents\Unity Projects\world_gravity\Backup3\world_gravity.sln">
</Event><Event ErrorLevel="0" Project="" Source="world_gravity.suo" Description="File successfully backed up as C:\Users\Public\Documents\Unity Projects\world_gravity\Backup3\world_gravity.suo">
</Event><Event ErrorLevel="0" Project="world_gravity" Source="world_gravity.csproj" Description="Project file successfully backed up as C:\Users\Public\Documents\Unity Projects\world_gravity\Backup3\world_gravity.csproj">
</Event><Event ErrorLevel="0" Project="world_gravity" Source="Assets\scripts\Player\PhysicsCharacterMotor.cs" Description="File successfully backed up as C:\Users\Public\Documents\Unity Projects\world_gravity\Backup3\Assets\scripts\Player\PhysicsCharacterMotor.cs">
</Event><Event ErrorLevel="0" Project="world_gravity" Source="Assets\scripts\Player\PlatformCharacterController.cs" Description="File successfully backed up as C:\Users\Public\Documents\Unity Projects\world_gravity\Backup3\Assets\scripts\Player\PlatformCharacterController.cs">
</Event><Event ErrorLevel="0" Project="world_gravity" Source="Assets\scripts\Player\PlayerInfo.cs" Description="File successfully backed up as C:\Users\Public\Documents\Unity Projects\world_gravity\Backup3\Assets\scripts\Player\PlayerInfo.cs">
</Event><Event ErrorLevel="0" Project="world_gravity" Source="Assets\scripts\Player\ThirdPersonCharacterAttack.cs" Description="File successfully backed up as C:\Users\Public\Documents\Unity Projects\world_gravity\Backup3\Assets\scripts\Player\ThirdPersonCharacterAttack.cs">
</Event><Event ErrorLevel="0" Project="world_gravity" Source="Assets\scripts\Player\ThirdPersonController.cs" Description="File successfully backed up as C:\Users\Public\Documents\Unity Projects\world_gravity\Backup3\Assets\scripts\Player\ThirdPersonController.cs">
</Event><Event ErrorLevel="0" Project="world_gravity" Source="Assets\scripts\Player\ThirdPersonPlayerAnimation.cs" Description="File successfully backed up as C:\Users\Public\Documents\Unity Projects\world_gravity\Backup3\Assets\scripts\Player\ThirdPersonPlayerAnimation.cs">
</Event><Event ErrorLevel="0" Project="world_gravity" Source="Assets\Standard Assets\Camera Scripts\MouseLook.cs" Description="File successfully backed up as C:\Users\Public\Documents\Unity Projects\world_gravity\Backup3\Assets\Standard Assets\Camera Scripts\MouseLook.cs">
</Event><Event ErrorLevel="0" Project="world_gravity" Source="Assets\Standard Assets\Scripts\ActivateTrigger.cs" Description="File successfully backed up as C:\Users\Public\Documents\Unity Projects\world_gravity\Backup3\Assets\Standard Assets\Scripts\ActivateTrigger.cs">
</Event><Event ErrorLevel="0" Project="world_gravity" Source="Assets\Standard Assets\Scripts\CombineChildren.cs" Description="File successfully backed up as C:\Users\Public\Documents\Unity Projects\world_gravity\Backup3\Assets\Standard Assets\Scripts\CombineChildren.cs">
</Event><Event ErrorLevel="0" Project="world_gravity" Source="Assets\Standard Assets\Scripts\MeshCombineUtility.cs" Description="File successfully backed up as C:\Users\Public\Documents\Unity Projects\world_gravity\Backup3\Assets\Standard Assets\Scripts\MeshCombineUtility.cs">
</Event><Event ErrorLevel="0" Project="world_gravity" Source="Assets\Standard Assets\Water\Sources\WaterSimple.cs" Description="File successfully backed up as C:\Users\Public\Documents\Unity Projects\world_gravity\Backup3\Assets\Standard Assets\Water\Sources\WaterSimple.cs">
</Event><Event ErrorLevel="0" Project="world_gravity" Source="Assets\Standard Assets\Blob-Shadow\ShadowProjection.shader" Description="File successfully backed up as C:\Users\Public\Documents\Unity Projects\world_gravity\Backup3\Assets\Standard Assets\Blob-Shadow\ShadowProjection.shader">
</Event><Event ErrorLevel="0" Project="world_gravity" Source="Assets\Standard Assets\Water\Sources\FX-Water Simple.shader" Description="File successfully backed up as C:\Users\Public\Documents\Unity Projects\world_gravity\Backup3\Assets\Standard Assets\Water\Sources\FX-Water Simple.shader">
</Event><Event ErrorLevel="0" Project="world_gravity" Source="Assets\Standard Assets\Camera Scripts\MouseOrbit.js" Description="File successfully backed up as C:\Users\Public\Documents\Unity Projects\world_gravity\Backup3\Assets\Standard Assets\Camera Scripts\MouseOrbit.js">
</Event><Event ErrorLevel="0" Project="world_gravity" Source="Assets\Standard Assets\Camera Scripts\SmoothFollow.js" Description="File successfully backed up as C:\Users\Public\Documents\Unity Projects\world_gravity\Backup3\Assets\Standard Assets\Camera Scripts\SmoothFollow.js">
</Event><Event ErrorLevel="0" Project="world_gravity" Source="Assets\Standard Assets\Camera Scripts\SmoothLookAt.js" Description="File successfully backed up as C:\Users\Public\Documents\Unity Projects\world_gravity\Backup3\Assets\Standard Assets\Camera Scripts\SmoothLookAt.js">
</Event><Event ErrorLevel="0" Project="world_gravity" Source="Assets\Standard Assets\Scripts\DragRigidbody.js" Description="File successfully backed up as C:\Users\Public\Documents\Unity Projects\world_gravity\Backup3\Assets\Standard Assets\Scripts\DragRigidbody.js">
</Event><Event ErrorLevel="0" Project="world_gravity" Source="Assets\Standard Assets\Scripts\FPSWalker.js" Description="File successfully backed up as C:\Users\Public\Documents\Unity Projects\world_gravity\Backup3\Assets\Standard Assets\Scripts\FPSWalker.js">
</Event><Event ErrorLevel="0" Project="world_gravity" Source="Assets\Standard Assets\Scripts\TimedObjectDestructor.js" Description="File successfully backed up as C:\Users\Public\Documents\Unity Projects\world_gravity\Backup3\Assets\Standard Assets\Scripts\TimedObjectDestructor.js">
</Event><Event ErrorLevel="0" Project="world_gravity" Source="world_gravity.csproj" Description="Project converted successfully">
</Event><Event ErrorLevel="3" Project="world_gravity" Source="world_gravity.csproj" Description="Converted">
</Event><Event ErrorLevel="0" Project="" Source="world_gravity.sln" Description="Solution converted successfully">
</Event><Event ErrorLevel="3" Project="" Source="world_gravity.sln" Description="Converted">
</Event><Event ErrorLevel="0" Project="world_gravity" Source="world_gravity.csproj" Description="Scan complete: Upgrade not required for project files.">
</Event></UpgradeLog>